{"1":{"Alek":0.7692307692,"Bartek":null,"Domin":0.4615384615,"Maciek":0.5384615385,"Wojtek":1.0},"2":{"Alek":1.3161057692,"Bartek":0.2625,"Domin":1.0740384615,"Maciek":1.0731837607,"Wojtek":2.0},"3":{"Alek":2.3161057692,"Bartek":0.4875,"Domin":1.4021634615,"Maciek":1.6148504274,"Wojtek":2.4821428571},"4":{"Alek":3.1732486264,"Bartek":0.7875,"Domin":2.3621634615,"Maciek":2.1398504274,"Wojtek":3.4821428571},"5":{"Alek":3.7732486264,"Bartek":0.7875,"Domin":3.0732745726,"Maciek":2.1398504274,"Wojtek":4.4821428571},"6":{"Alek":4.7732486264,"Bartek":0.8345588235,"Domin":3.5961503896,"Maciek":2.7516151332,"Wojtek":5.4233193277},"7":{"Alek":5.7732486264,"Bartek":0.8345588235,"Domin":3.9899003896,"Maciek":3.1266151332,"Wojtek":5.7358193277},"8":{"Alek":6.3288041819,"Bartek":0.9234477124,"Domin":4.2861966859,"Maciek":3.91673859,"Wojtek":6.7358193277},"9":{"Alek":7.0163041819,"Bartek":1.2234477124,"Domin":5.0084189082,"Maciek":4.5278497011,"Wojtek":7.7358193277},"10":{"Alek":7.9448756105,"Bartek":1.852019141,"Domin":5.7068316066,"Maciek":4.9564211297,"Wojtek":8.7358193277},"11":{"Alek":8.6591613248,"Bartek":1.9155112045,"Domin":6.0877839875,"Maciek":5.2611830345,"Wojtek":9.7358193277},"12":{"Alek":9.2841613248,"Bartek":2.2217612045,"Domin":6.5799714875,"Maciek":5.8931274789,"Wojtek":10.7358193277}}