{"1":{"Alek":0.7692307692,"Bartek":null,"Domin":0.4615384615,"Maciek":0.5384615385,"Wojtek":1.0},"2":{"Alek":0.546875,"Bartek":0.2625,"Domin":0.6125,"Maciek":0.5347222222,"Wojtek":1.0},"3":{"Alek":1.0,"Bartek":0.225,"Domin":0.328125,"Maciek":0.5416666667,"Wojtek":0.4821428571},"4":{"Alek":0.8571428571,"Bartek":0.3,"Domin":0.96,"Maciek":0.525,"Wojtek":1.0},"5":{"Alek":0.6,"Bartek":null,"Domin":0.7111111111,"Maciek":0.0,"Wojtek":1.0},"6":{"Alek":1.0,"Bartek":0.0470588235,"Domin":0.522875817,"Maciek":0.6117647059,"Wojtek":0.9411764706},"7":{"Alek":1.0,"Bartek":null,"Domin":0.39375,"Maciek":0.375,"Wojtek":0.3125},"8":{"Alek":0.5555555556,"Bartek":0.0888888889,"Domin":0.2962962963,"Maciek":0.7901234568,"Wojtek":1.0},"9":{"Alek":0.6875,"Bartek":0.3,"Domin":0.7222222222,"Maciek":0.6111111111,"Wojtek":1.0},"10":{"Alek":0.9285714286,"Bartek":0.6285714286,"Domin":0.6984126984,"Maciek":0.4285714286,"Wojtek":1.0},"11":{"Alek":0.7142857143,"Bartek":0.0634920635,"Domin":0.380952381,"Maciek":0.3047619048,"Wojtek":1.0},"12":{"Alek":0.625,"Bartek":0.30625,"Domin":0.4921875,"Maciek":0.6319444444,"Wojtek":1.0},"13":{"Alek":0.75,"Bartek":0.2,"Domin":1.0,"Maciek":0.4444444444,"Wojtek":1.0}}