{"1":{"Alek":0.7692307692,"Bartek":null,"Domin":0.4615384615,"Maciek":0.5384615385,"Wojtek":1.0},"2":{"Alek":0.6580528846,"Bartek":0.2625,"Domin":0.5370192308,"Maciek":0.5365918803,"Wojtek":1.0},"3":{"Alek":0.7720352564,"Bartek":0.24375,"Domin":0.4673878205,"Maciek":0.5382834758,"Wojtek":0.8273809524},"4":{"Alek":0.7933121566,"Bartek":0.2625,"Domin":0.5905408654,"Maciek":0.5349626068,"Wojtek":0.8705357143},"5":{"Alek":0.7546497253,"Bartek":0.2625,"Domin":0.6146549145,"Maciek":0.4279700855,"Wojtek":0.8964285714},"6":{"Alek":0.8008035714,"Bartek":0.2086397059,"Domin":0.6269223856,"Maciek":0.442630719,"Wojtek":0.8846638655},"7":{"Alek":0.8914285714,"Bartek":0.1906862745,"Domin":0.5831723856,"Maciek":0.4106862745,"Wojtek":0.7471638655},"8":{"Alek":0.8025396825,"Bartek":0.1453159041,"Domin":0.5768066449,"Maciek":0.4603776325,"Wojtek":0.8507352941},"9":{"Alek":0.7686111111,"Bartek":0.1453159041,"Domin":0.5292510893,"Maciek":0.4775998548,"Wojtek":0.8507352941},"10":{"Alek":0.8343253968,"Bartek":0.2661297852,"Domin":0.5267114068,"Maciek":0.5633141405,"Wojtek":0.8507352941},"11":{"Alek":0.7771825397,"Bartek":0.2702380952,"Domin":0.4983267196,"Maciek":0.5019135802,"Wojtek":0.8625},"12":{"Alek":0.7021825397,"Bartek":0.2774404762,"Domin":0.5180142196,"Maciek":0.5533024691,"Wojtek":1.0},"13":{"Alek":0.7410714286,"Bartek":0.2996626984,"Domin":0.6587549603,"Maciek":0.4841666667,"Wojtek":1.0},"14":{"Alek":0.8035714286,"Bartek":0.299578373,"Domin":0.6209771825,"Maciek":0.4152777778,"Wojtek":0.89}}